run,io_ms,preprocess_ms,lk_scalar_ms,save_ms,total_ms
1,17.650,4.475,36.465,71.866,130.457
2,16.677,3.848,35.397,71.807,127.730
3,15.675,3.968,35.398,79.839,134.879
4,15.425,3.893,35.139,79.796,134.252
5,16.270,4.385,38.415,81.627,140.697
6,18.905,5.453,39.817,82.752,146.927
7,16.926,4.953,40.991,86.058,148.927
8,18.119,5.163,40.873,83.615,147.769
9,17.239,4.333,36.777,82.658,141.008
10,16.834,4.119,38.165,84.024,143.141
11,16.627,4.087,37.325,80.671,138.710
12,17.635,4.822,36.481,83.433,142.371
13,18.657,5.289,37.421,76.053,137.419
14,16.141,4.137,36.291,83.093,139.662
15,16.179,4.548,36.761,73.020,130.509
16,15.675,4.209,37.387,72.798,130.069
17,15.887,3.906,38.192,81.894,139.879
18,16.701,4.335,38.610,76.091,135.738
19,16.977,4.604,36.107,73.056,130.744
20,15.911,4.204,37.721,75.304,133.141
21,16.470,4.128,36.903,73.782,131.283
22,16.101,4.129,39.818,75.512,135.560
23,16.479,4.049,35.278,72.472,128.278
24,15.922,3.885,35.667,74.424,129.897
25,15.644,3.880,36.098,74.143,129.765
26,15.961,3.903,37.676,75.491,133.030
27,16.778,4.107,36.384,71.848,129.117
28,16.793,4.385,35.745,72.713,129.636
29,16.029,4.739,38.151,74.991,133.910
30,16.703,4.313,37.061,74.116,132.193
31,16.285,4.191,36.630,73.435,130.542
32,16.370,4.208,37.938,71.541,130.057
33,15.624,4.106,36.808,71.371,127.908
34,16.489,4.255,37.546,74.723,133.013
35,17.759,4.707,38.412,73.985,134.864
36,17.048,4.189,36.383,73.196,130.815
37,18.318,4.413,36.204,81.282,140.216
38,17.251,5.175,36.884,85.593,144.903
39,18.489,4.419,37.506,83.170,143.583
40,15.679,4.309,37.377,79.885,137.250
41,16.539,4.266,38.253,84.865,143.923
42,16.373,4.125,35.795,75.026,131.319
43,15.898,4.111,37.908,75.812,133.729
44,15.836,3.928,35.936,71.763,127.463
45,17.338,4.347,36.857,79.347,137.890
46,17.944,4.483,36.984,72.818,132.229
47,18.573,4.094,38.418,71.997,133.083
48,17.005,4.113,36.877,70.109,128.105
49,16.594,4.283,36.533,74.993,132.402
50,17.394,5.680,37.217,83.577,143.868
51,16.759,5.411,36.785,75.451,134.405
52,16.410,4.367,36.436,83.922,141.136
53,15.695,4.196,37.824,82.815,140.529
54,15.527,3.985,36.956,80.494,136.962
55,16.489,4.995,37.119,83.470,142.073
56,16.327,4.930,36.594,82.051,139.902
57,15.850,4.009,35.983,81.122,136.964
58,18.727,4.218,37.448,70.880,131.273
59,16.117,3.991,38.876,72.902,131.886
60,16.377,4.507,37.854,72.094,130.832
61,16.364,4.152,36.936,83.292,140.744
62,16.281,4.146,37.053,73.623,131.103
63,17.215,4.182,36.838,81.887,140.121
64,16.630,4.547,38.239,84.028,143.445
65,15.671,4.859,37.103,83.662,141.294
66,16.100,4.161,35.985,71.049,127.295
67,15.686,3.956,35.868,73.825,129.335
68,16.649,4.348,36.089,71.624,128.709
69,16.913,4.225,36.781,71.100,129.019
70,17.285,4.111,37.120,71.181,129.698
71,16.113,4.070,35.662,70.379,126.224
72,15.714,3.977,35.952,71.163,126.806
73,15.786,3.968,35.598,70.978,126.330
74,16.030,4.066,35.698,71.945,127.738
75,15.962,4.070,36.322,80.464,136.819
76,15.982,4.227,36.310,81.742,138.261
77,15.994,4.039,35.616,84.243,139.891
78,17.256,4.083,36.401,84.002,141.743
79,15.573,3.947,36.005,72.732,128.257
80,16.475,4.164,36.154,76.832,133.626
81,16.941,4.576,37.844,71.282,130.642
82,16.569,4.135,36.441,70.522,127.668
83,16.128,3.852,36.111,71.242,127.333
84,16.577,4.034,36.136,70.848,127.596
85,18.226,4.126,36.591,70.869,129.812
86,16.324,4.021,36.645,70.998,127.989
87,17.360,3.928,36.573,70.487,128.348
88,17.050,3.962,36.935,72.547,130.493
89,16.045,3.985,36.345,71.912,128.287
90,16.627,4.025,36.321,72.427,129.399
91,15.624,4.051,35.932,71.332,126.940
92,16.570,4.367,35.951,73.337,130.225
93,15.746,4.033,36.955,71.396,128.130
94,16.250,3.902,36.370,71.975,128.496
95,16.249,4.038,36.304,71.994,128.585
96,15.679,3.940,36.201,70.950,126.771
97,15.944,3.972,36.491,71.931,128.338
98,16.153,3.933,35.815,72.690,128.591
99,15.988,4.069,36.130,71.811,127.998
100,15.879,3.911,36.035,73.086,128.911
